newFID,HAF_high,HAF_moderate,HAF_low,HIF_high,HIF_moderate,HIF_low,HAF_Dominant,HIF_Dominant,HAF_FVC,HIF_FVC
1,-0.009597426,0.163742682,-0.080294093,-0.005886658,0.01168752,0,3,3,0.120767511,0.006728402
2,0.170984512,0.92025776,-0.891863429,0.654753395,-0.055652774,-0.454832412,1,3,0.225280412,0.120732399
3,0.133958599,0.342726784,0.342591615,0.109012321,0.493989091,0.141465305,1,1,0.81643781,0.798966483
4,0.179434248,0.213217287,0.097193978,0.180930755,0.038303661,0.060731097,1,1,0.512849856,0.278407952
5,-0.04111342,0.304264283,0.355692652,0.05779612,0.173445873,0.741287705,1,1,0.699248841,0.868243407
6,0.219847487,0.098079974,-0.158055546,-0.06765206,-0.049947808,0.132566913,2,3,0.157127966,0.007307923
7,0.04002341,0.290311495,0.929795249,0.547223852,0.425682149,0.418919687,1,1,1.271393428,1.225955651
8,0.009922348,0.141544454,0.171150877,0.297663739,0.334250003,-0.057832809,1,1,0.300132063,0.484108165
9,-0.000314755,0.059577279,0.893857308,0.030949552,0.154927711,0.955500129,1,1,0.924870518,1.178581144
10,-0.176303716,-0.02375833,0.177966814,0.049222078,0.014740206,-0.145172121,1,2,0.096040759,-0.079293917
11,0.068526091,0.437444701,0.377126397,0.41539868,0.347849794,-0.43775539,1,2,0.920706787,0.243624278
12,0.000330613,0.051840733,0.453515592,0.000800779,0.032623442,0.200008914,1,1,0.499957718,0.234093218
13,0.121317484,0.322906256,-0.072382281,0.412566503,-0.076085839,-0.140982212,3,3,0.333278126,0.213374427
14,0.015319285,0.539156749,-0.287294467,0,0.301567397,-0.161322414,1,1,0.232072594,0.13928117
15,0,0.316969081,0.920448056,-0.006796281,0.189218074,0.635690515,1,1,1.146245495,0.734306208
16,0,0.006063275,1.031139997,0.000262054,0.019565706,0.440010134,1,1,1.07827296,0.446010824
17,-0.029831501,0.015484022,0.53305476,0.144084032,0.006541679,0.158511819,1,1,0.526824664,0.302847025
18,-0.001469837,-0.046633367,0.234766407,-0.022140569,-0.00429713,0.179949838,1,1,0.297223354,0.202797113
19,0.24175304,0.611185232,-0.114107895,0.581891369,-0.039337271,-0.233520963,1,3,0.790948459,0.313719444
20,0.021166356,0.461520024,0.085012269,0.051190226,0.521232085,-0.218535327,1,1,0.567888233,0.31789361
21,0.016786512,0.288910489,0.53361391,0.00417076,0.046646227,0.771045808,1,1,0.982378428,0.789522632
22,0.010266004,0.096079152,0.477207508,0.040444647,0.289771818,0.381676578,1,1,0.571884658,0.799646604
24,0.008135724,0,0.201491982,0.012136512,0.045286122,0.19455712,1,1,0.18845021,0.225940415
26,0.02222952,0.13166228,0.56535207,0.006131421,0.190444883,0.591866932,1,1,0.753469107,0.804848723
27,0.399795073,-0.015555328,-0.149479665,0.073881053,0.101884032,-0.109489159,3,2,0.262416808,0.061750917
28,0.053351742,0.229973403,-0.151980433,0.169869191,0.187352575,-0.256807116,1,1,0.199911738,0.091461197
29,0.031398815,0.19007032,0.056667101,-0.029335988,0.032844383,0.013144256,2,2,0.266657073,0.001989351
30,0.008840268,0.723438551,-0.159296884,0.003186804,0.167841034,0.433241968,1,1,0.599739062,0.518197619
31,0.028530614,0.249142719,0.329323475,0.011898546,0.082658209,0.020821201,1,1,0.61900399,0.061576613
32,0.170308488,0.514299092,0.303447672,0.174553166,0.076925661,0.084505387,1,1,0.970776787,0.35321856
33,0.037166253,0.477846814,0.755462823,-0.033279659,0.142879234,0.407055081,1,1,1.207955965,0.550552945
34,0.26094136,0.240350034,0.054685314,0.12691599,0.016514062,-0.101693722,1,1,0.607580384,0.036153827
35,0.06274927,0.605647334,-0.006449171,0.282644966,0.606471665,-0.705316254,1,2,0.660210799,0.200172342
36,0.372934104,0.409311825,-0.272952024,0.5150105,-0.128619136,-0.251649522,3,3,0.306458941,0.046510296
37,0.271770861,0.405306232,-0.19132852,0.295789082,0.056539508,-0.155100607,2,1,0.368202986,0.179428912
38,0.170577763,0.280542226,-0.190875931,0.038788481,-0.140682357,0.26739928,2,2,0.132784778,0.004420511
39,-0.016765128,0.440121474,0.059347708,0.052847496,0.327601006,-0.197549298,1,1,0.396765595,0.110547825
40,0.035887928,0.21056659,0.093642847,0.077462253,0.391422018,-0.112370874,1,1,0.34776086,0.319766678
41,0.020662839,0.215408792,0.386143039,0.876381007,-0.024761451,-0.679827433,1,2,0.487689789,0.110322677
42,0.004035504,0.095376957,0.473066165,0.004091472,0.203510726,0.197632564,1,1,0.557123086,0.510011991
43,0,0.009948484,0.171908573,0.000560822,0.026130954,0.054592185,1,1,0.203178966,0.089729476
44,0.394755803,0.28551739,0.01572189,0.038793738,0.08450768,-0.054783533,2,2,0.642073074,0.017206147
45,0.004021391,0.110431909,0.622341763,0.075433814,0.918625739,-0.21362117,1,1,0.748622695,0.685994426
46,-0.053821206,-0.140769266,-0.271396446,0.081814458,-0.10908624,-0.1716621,1,2,-0.561933943,-0.237073217
47,0.022295051,0.066587572,0.289831272,0.17004147,0.112147672,0.140806249,1,2,0.299137626,0.358027264
48,0.379778757,-0.306974626,0.01371953,0.399533261,-0.402539488,0.013201278,2,3,0.053692896,0.003534995
49,-0.022507174,0.036648332,0.81861071,0.004317013,0.582878091,0.099277236,1,1,0.773050769,0.643084767
50,-0.000804426,0.100993084,0.834236516,-0.000622135,0.004146256,0.799624436,1,1,0.561147599,0.572968484
51,0.021487109,0.228957813,0.782230417,0.013383084,0.344119966,0.210480561,1,1,1.043080206,0.872312983
52,0.082553136,0.233835174,0.172108821,0.169091688,-0.149574559,-0.034281366,1,3,0.505711561,0.022529538
53,0,0.001402913,0.460071228,2.05E-05,0.001190735,0.157687622,1,1,0.4670544,0.162288796
54,9.32E-05,0.004044576,0.802705728,0.000820644,0.012673372,1.025587271,1,1,0.804730751,0.985825454
55,-0.029334202,0.030455487,0.394936008,-0.052834528,-0.057266693,0.767179091,1,1,0.443543904,0.799982898
56,0.330633241,0.36767752,-0.161914867,0.53535135,-0.158115418,-0.322841334,2,3,0.551438817,0.024514248
57,0.087605267,0.3377364,0.619908905,0.124115232,0.407272197,0.179003174,1,1,1.016142525,0.776615216
58,0.029522367,0.105077569,0.855649964,0.02965055,0.123848165,0.566894619,1,1,1.007666766,0.751328421
59,0.158999322,0.016392419,0.1875953,0.383671116,-0.013426446,-0.13424783,2,1,0.375869677,0.180986411
60,1.35E-05,0.00076331,0.144033095,8.10E-05,0.150399295,0.470090367,1,1,0.144688481,0.660714011
61,0.067301805,0.613565391,0.116997168,0.541134989,0.777714448,-1.057251519,1,1,0.817490617,0.30558072
62,-0.055212637,0.199461374,0.568875587,-0.347767061,0,0.442293732,1,2,0.708013921,0.073754382
63,0.185534651,0.684506106,-0.07138333,0.269547915,-0.03245672,-0.138963686,1,3,0.749303505,0.112042932
64,0.080221282,0.289761205,-0.216861184,0.153981512,0.417128803,-0.543561463,1,2,0.285566089,0.052991944
65,0.25216424,0.986341579,-0.429519049,0.295100328,0.840738792,-0.691354918,2,2,0.445577991,0.082851598
66,0.135709127,0.312823253,0.204451445,0.394747223,0.04756253,-0.292031534,1,2,0.611195704,0.09584302
67,0.103644411,0.078228053,-0.153837773,0.058626879,0.208146995,-0.06417211,1,1,0.116320768,0.196313612
68,0,0.19220436,-0.0677656,0.370527909,-0.03680825,-0.219916687,3,3,0.124718294,0.042652441
69,0.026431528,0.177823824,0.267425348,-0.051142027,-0.078594019,0.387840099,1,1,0.558572463,0.260123883
70,0.418523518,0.304474772,0.292108331,0.049532162,0.099055781,0.405090429,1,1,0.999185816,0.52668506
71,0.009673851,0.09780732,0.011719633,0.053968042,-0.061191078,-0.057990778,1,2,0.198134015,-0.281620793
72,0.006327378,0.30762712,0.431881686,0.027361691,0.704250173,-0.352194783,1,1,0.756598809,0.231853306
73,0.049111344,0.098033483,-0.187982245,0.743794148,-0.058121906,-0.432837998,1,2,-0.070919061,0.007278233
74,0,0.211399036,0.415372307,-0.212427463,0.22851566,0.526857372,1,1,0.680428378,0.290222513
75,0.042394737,0.248910184,0.010051809,0.032842623,0.317100806,-0.018335177,1,1,0.395202441,0.190694587
76,-0.003145875,0.153709312,0.076592755,-0.043479943,-0.095139029,0.139276839,2,2,0.225604676,-0.002281939
77,0,0.02383542,0.007628714,5.11E-05,0.002524502,0.009980327,1,1,0.037828925,0.012476592
78,-1.060080423,0.610869359,1.246312973,0.001251644,0.083081694,0.376853901,1,1,0.419165485,0.52059408
79,0,0,0.018854434,0,0.000730563,0.005700521,1,1,0.018854434,0.006450791
80,0.078601334,0.397830231,-0.218757377,0.350122768,-0.020865823,-0.270767473,2,3,0.246697556,0.041638874
81,0.103748101,0.202057355,0.075363957,0.172364815,0.032096122,0.060698411,2,1,0.356435154,0.271349639
82,0.166673626,0.508922625,-0.118652326,0.442596327,-0.103200454,-0.263257992,2,3,0.581188336,0.04851147
83,1.58E-05,0.00481522,0.008319512,0.000310806,0.01789038,0.036574733,1,1,0.013446189,0.054911126
84,0,0,0.009890919,0,-0.012221245,0.787934631,1,1,0.012642978,0.373911048
85,0.454335787,0.005687843,-0.139969794,0.522846246,-0.329822135,-0.174104037,3,3,0.339899188,0.012016922
86,0.065215119,0.225766419,0.251925195,0.062260488,0.152232855,0.134155628,1,1,0.569354851,0.275069612
87,0.003170809,0.130048376,0.14279583,0.010070589,0.367946405,-0.089144659,1,1,0.238385621,0.331547862
88,0.000814062,0.054100144,1.855536153,0.001802769,0.058259976,1.229909971,1,1,1.967413612,1.290486178
89,0.013416864,0.349282398,-0.04552993,0.920692908,0.109920838,-0.365406047,1,3,0.294823159,0.295811021
90,0.005652759,0.085216965,-0.426147499,0.391958847,-0.325731308,-0.352076792,1,2,-0.10246017,-0.195693347
91,0.020181218,0.010748454,0.090776348,0.108219235,0.218858183,-0.118738353,1,1,0.132715903,0.160425352
92,0.003183907,0.014948483,-0.506236824,0.347665529,-0.409892735,-0.201825445,1,2,-0.483109963,-0.416071936
93,0.006812182,0.14641191,0.63786997,0.006596615,0.173131302,0.937240629,1,1,0.91075577,1.199878213
